{
    "Version": "2012-10-17",
    "Statement": [
        {
            "Effect": "Allow",
            "Action": [
              "dax:BatchGetItem",
              "dax:Describe*",
              "dax:GetItem",
              "dax:PutItem",
              "dax:Query",
              "dax:Scan",
              "dax:UpdateItem",
              "dax:BatchWriteItem",
              "dax:DefineAttributeList",
              "dax:DefineAttributeListId",
              "dax:DefineKeySchema",
              "dax:Endpoints"
            ],
            "Resource": [
                "arn:aws:dax:{{dmf_aws_region}}:{{dmf_aws_account_id}}:cache/{{dax_cluster_name}}"
            ]
        }
    ]
}
