{
    "Version": "2012-10-17",
    "Statement": [
        {
            "Effect": "Allow",
            "Action": [
                "dynamodb:BatchGetItem",
                "dynamodb:BatchWriteItem",
                "dynamodb:DeleteItem",
                "dynamodb:DescribeLimits",
                "dynamodb:DescribeReservedCapacity",
                "dynamodb:DescribeReservedCapacityOfferings",
                "dynamodb:DescribeStream",
                "dynamodb:DescribeTable",
                "dynamodb:GetItem",
                "dynamodb:GetRecords",
                "dynamodb:GetShardIterator",
                "dynamodb:ListStreams",
                "dynamodb:ListTables",
                "dynamodb:PutItem",
                "dynamodb:Query",
                "dynamodb:Scan",
                "dynamodb:UpdateItem",
                "dynamodb:UpdateTable"
            ],
            "Resource": [
                "arn:aws:dynamodb:*"
            ]
        }
    ]
}
