{
  "AWSTemplateFormatVersion" : "2010-09-09",
  "Description" : "AWS CloudFormation Template for {{stack_name}}",
  "Resources" : {
    "XformLmdaRole":{
      "Type": "AWS::IAM::Role",
      "Properties": {
        "AssumeRolePolicyDocument": {{ xform_lmda_assumerole_policy }},
        "ManagedPolicyArns": {{xform_lmda_role_managed_policy_arns|to_json}},
        "Policies": [{
            "PolicyName": "{{xform_lmda_dynamodb_policy_name}}",
            "PolicyDocument":{{xform_lmda_dynamodb_policy}}
          },
          {
              "PolicyName": "{{xform_lmda_lmda_policy_name}}",
              "PolicyDocument":{{xform_lmda_lmda_policy}}
          },
          {
              "PolicyName": "{{xform_lmda_dax_policy_name}}",
              "PolicyDocument":{{xform_lmda_dax_policy}}
          },
          {
              "PolicyName": "{{xform_lmda_s3_policy_name}}",
              "PolicyDocument":{{xform_lmda_s3_policy}}
          },
          {
              "PolicyName": "{{xform_lmda_kms_policy_name}}",
              "PolicyDocument":{{xform_lmda_kms_policy}}
          }],
        "RoleName": "{{xform_lmda_role_name}}"
      }
    },
    "XformLmda":{
      "Type" : "AWS::Lambda::Function",
      "Properties" : {
        "Code" : {
          "S3Bucket": "{{dmf_lambda_artifacts_s3}}",
          "S3Key": "{{xform_lmda_code_s3_key}}"
        },
        "Description" : "{{xform_lmda_description}}",
        "FunctionName" : "{{xform_lmda_function_name}}",
        "Environment": {
          "Variables": {{xform_lmda_environment}}
          },
        "Handler" : "{{xform_lmda_handler}}",
        "MemorySize" : {{xform_lmda_memory_size}},
        "Role" : { "Fn::GetAtt" : ["XformLmdaRole", "Arn"] },
        "Runtime" : "{{xform_lmda_runtime}}",
        "Timeout" : {{xform_lmda_timeout}},
        "VpcConfig" : {
          "SecurityGroupIds" : ["{{dmf_aws_security_group_id}}"],
          "SubnetIds" : {{dmf_aws_subnet_ids|to_json}}
        },
        "Tags" : {{xform_lmda_tags|to_json}}
      }
    },
    "XformLmdaLogGroup": {
      "Type" : "AWS::Logs::LogGroup",
      "Properties" : {
        "LogGroupName" : "{{xform_lmda_log_group_name}}"
      }
    },
    "XformLmdaLogSubscriptionFilter":{
      "Type" : "AWS::Logs::SubscriptionFilter",
      "Properties" : {
        "DestinationArn" : "{{xform_lmda_log_subscription_dest_Arn}}",
        "FilterPattern" : "{{xform_lmda_log_subscription_filter_pattern}}",
        "LogGroupName" : "{{xform_lmda_log_group_name}}"
      },
      "DependsOn" : ["XformLmdaLogGroup"]
    }
  }
}
